;canton;Approved Amount
0;AG;1197269.0
1;BE;1292178051.67
2;BL;492498.0
3;BS;81906656.24000001
4;FR;2285588.0
5;GE;1835588077.0000005
6;GR;73080743.44999999
7;JU;29149035.049999997
8;LU;1851237882.5
9;NE;1238273.0
11;SG;1562125010.0
12;SH;24138242.15
13;SO;33312549.0
14;SZ;506613.0
15;TG;1642315079.2500002
16;TI;401631731.3
17;VD;20211652.0
18;VS;53972129.230000004
19;ZG;687225.0
20;ZH;638177509.0700002
