;canton;Approved Amount
0;BE;1555048270.29
1;BL;3476142.0
2;BS;1392480606.9799998
3;FR;459073668.2500001
4;GE;11583219.0
5;GR;21004259.0
6;JU;34790345.46
7;LU;54673286.669999994
8;NE;383204582.29999995
10;SG;86757046.44999999
11;SH;176691.0
12;SO;42771914.120000005
13;SZ;936551.0
14;TG;4018981.0
15;TI;110035830.9
16;VD;1182198643.77
17;VS;25740123.2
18;ZG;495715.0
19;ZH;3607511079.540001
