;canton;Approved Amount
0;AG;11131768.0
1;BE;1278819518.67
2;BL;425498.0
3;BS;88064968.37
4;FR;1495811.0
5;GE;1832912477.0000005
6;GR;71206627.44999999
7;JU;29065835.049999997
8;LU;1847690682.4999998
9;NE;936551.0
10;SG;1560899443.0
11;SH;24040082.15
12;SO;33115719.0
13;SZ;429600.0
14;TG;1643810830.2500002
15;TI;734435074.0899999
16;VD;13294809.0
17;VS;56392201.23
18;ZG;17300.0
19;ZH;640383472.0700002
