;canton;Approved Amount
0;AG;1197269.0
1;BE;1579794730.69
2;BL;681613.0
3;BS;1399702084.8499997
4;FR;460107057.2500001
5;GE;13394952.0
6;GR;18031255.0
7;JU;34873545.46
8;LU;57114227.67
9;NE;301722.0
11;SG;36396466.0
12;SH;1034711.0
13;SO;42968744.12000001
14;SZ;1603459.0
15;TG;4986944.0
16;TI;140548367.38
17;VD;1197813922.77
18;VS;28398235.2
19;ZG;12768361.0
20;ZH;1781288365.5400002
